Region,IpRange
australiac2,20.36.64.0/19
australiac2,20.36.112.0/20
australiac2,20.39.72.0/21
australiac2,20.39.96.0/19
australiac2,40.82.12.0/22
australiac2,40.82.244.0/22
australiac2,40.90.130.32/28
australiac2,40.90.142.64/27
australiac2,40.90.149.32/27
australiac2,40.126.128.0/18
australiac2,52.143.218.0/24
australiac2,52.239.218.0/23
australiac,20.36.32.0/19
australiac,20.36.104.0/21
australiac,20.37.0.0/18
australiac,20.38.184.0/22
australiac,20.39.64.0/21
australiac,40.82.8.0/22
australiac,40.82.240.0/22
australiac,40.90.130.48/28
australiac,40.90.142.96/27
australiac,40.90.149.64/27
australiac,52.143.219.0/24
australiac,52.239.216.0/23
australiaeast,13.70.64.0/18
australiaeast,13.72.224.0/19
australiaeast,13.73.192.0/20
australiaeast,13.75.128.0/17
australiaeast,20.37.192.0/19
australiaeast,20.38.112.0/23
australiaeast,20.40.64.0/20
australiaeast,20.40.80.0/21
australiaeast,20.40.120.0/21
australiaeast,20.40.176.0/20
australiaeast,20.42.192.0/19
australiaeast,20.188.128.0/17
australiaeast,20.190.142.0/25
australiaeast,20.191.192.0/18
australiaeast,23.101.208.0/20
australiaeast,40.79.160.0/20
australiaeast,40.79.211.0/24
australiaeast,40.82.32.0/22
australiaeast,40.82.192.0/19
australiaeast,40.87.208.0/22
australiaeast,40.90.18.0/28
australiaeast,40.90.130.80/28
australiaeast,40.90.130.208/28
australiaeast,40.90.140.32/27
australiaeast,40.90.142.160/27
australiaeast,40.90.147.64/27
australiaeast,40.90.150.0/27
australiaeast,40.112.37.128/26
australiaeast,40.126.14.0/25
australiaeast,40.126.224.0/19
australiaeast,52.108.40.0/23
australiaeast,52.109.112.0/22
australiaeast,52.114.16.0/22
australiaeast,52.143.199.0/24
australiaeast,52.143.200.0/23
australiaeast,52.147.0.0/19
australiaeast,52.156.160.0/19
australiaeast,52.187.192.0/18
australiaeast,52.232.136.0/21
australiaeast,52.232.154.0/24
australiaeast,52.237.192.0/18
australiaeast,52.239.130.0/23
australiaeast,52.239.226.0/24
australiaeast,52.245.16.0/22
australiaeast,104.44.90.64/26
australiaeast,104.44.93.96/27
australiaeast,104.44.95.48/28
australiaeast,104.46.29.0/24
australiaeast,104.46.30.0/23
australiaeast,104.209.80.0/20
australiaeast,104.210.64.0/18
australiaeast,191.238.66.0/23
australiaeast,191.239.64.0/19
australiasoutheast,13.70.128.0/18
australiasoutheast,13.73.96.0/19
australiasoutheast,13.77.0.0/18
australiasoutheast,20.40.160.0/20
australiasoutheast,20.42.224.0/19
australiasoutheast,20.190.96.0/19
australiasoutheast,20.190.142.128/25
australiasoutheast,23.101.224.0/19
australiasoutheast,40.79.212.0/24
australiasoutheast,40.81.48.0/20
australiasoutheast,40.87.212.0/22
australiasoutheast,40.90.138.128/27
australiasoutheast,40.90.155.64/26
australiasoutheast,40.112.37.192/26
australiasoutheast,40.115.64.0/19
australiasoutheast,40.117.0.0/19
australiasoutheast,40.126.14.128/25
australiasoutheast,40.127.64.0/19
australiasoutheast,52.108.234.0/23
australiasoutheast,52.109.116.0/22
australiasoutheast,52.114.20.0/22
australiasoutheast,52.136.25.0/24
australiasoutheast,52.147.32.0/19
australiasoutheast,52.158.128.0/19
australiasoutheast,52.189.192.0/18
australiasoutheast,52.239.132.0/23
australiasoutheast,52.239.225.0/24
australiasoutheast,52.243.64.0/18
australiasoutheast,52.245.20.0/22
australiasoutheast,52.255.32.0/19
australiasoutheast,104.44.90.32/27
australiasoutheast,104.44.93.128/27
australiasoutheast,104.44.95.64/28
australiasoutheast,104.46.28.0/24
australiasoutheast,104.209.64.0/20
australiasoutheast,191.239.160.0/19
australiasoutheast,191.239.192.0/22
brazilsouth,20.40.16.0/20
brazilsouth,20.40.32.0/21
brazilsouth,20.40.112.0/21
brazilsouth,20.190.145.0/25
brazilsouth,23.97.96.0/19
brazilsouth,40.90.133.32/27
brazilsouth,40.90.141.64/27
brazilsouth,40.90.144.224/27
brazilsouth,40.126.17.0/25
brazilsouth,52.108.36.0/22
brazilsouth,52.109.108.0/22
brazilsouth,104.41.0.0/18
brazilsouth,191.232.32.0/19
brazilsouth,191.232.160.0/19
brazilsouth,191.232.192.0/18
brazilsouth,191.233.0.0/21
brazilsouth,191.233.24.0/21
brazilsouth,191.233.128.0/24
brazilsouth,191.233.130.0/23
brazilsouth,191.233.132.0/22
brazilsouth,191.233.136.0/21
brazilsouth,191.233.192.0/18
brazilsouth,191.234.160.0/19
brazilsouth,191.235.32.0/19
brazilsouth,191.235.64.0/18
brazilsouth,191.235.196.0/22
brazilsouth,191.235.200.0/21
brazilsouth,191.235.224.0/20
brazilsouth,191.235.240.0/21
brazilsouth,191.235.248.0/24
brazilsouth,191.237.195.0/24
brazilsouth,191.237.200.0/21
brazilsouth,191.237.248.0/21
brazilsouth,191.238.128.0/21
brazilsouth,191.238.192.0/19
brazilsouth,191.239.112.0/20
brazilsouth,191.239.204.0/22
brazilsouth,191.239.240.0/20
canadacentral,13.71.160.0/19
canadacentral,13.88.224.0/19
canadacentral,20.38.114.0/25
canadacentral,20.38.144.0/21
canadacentral,20.39.128.0/20
canadacentral,20.43.0.0/19
canadacentral,20.190.139.0/25
canadacentral,40.79.216.0/24
canadacentral,40.80.44.0/22
canadacentral,40.82.160.0/19
canadacentral,40.85.192.0/18
canadacentral,40.90.17.144/28
canadacentral,40.90.128.0/28
canadacentral,40.90.138.32/27
canadacentral,40.90.143.160/27
canadacentral,40.90.151.96/27
canadacentral,40.126.11.0/25
canadacentral,52.108.42.0/23
canadacentral,52.109.92.0/22
canadacentral,52.114.160.0/22
canadacentral,52.136.23.0/24
canadacentral,52.136.27.0/24
canadacentral,52.138.0.0/18
canadacentral,52.139.0.0/18
canadacentral,52.156.0.0/19
canadacentral,52.228.0.0/17
canadacentral,52.233.0.0/18
canadacentral,52.237.0.0/18
canadacentral,52.239.148.64/26
canadacentral,52.239.189.0/24
canadacentral,52.245.28.0/22
canadacentral,104.44.93.32/27
canadacentral,104.44.95.16/28
canadaeast,20.190.139.128/25
canadaeast,40.69.96.0/19
canadaeast,40.79.217.0/24
canadaeast,40.80.40.0/22
canadaeast,40.80.240.0/20
canadaeast,40.86.192.0/18
canadaeast,40.89.0.0/19
canadaeast,40.90.17.128/28
canadaeast,40.90.130.192/28
canadaeast,40.90.138.64/27
canadaeast,40.90.140.0/27
canadaeast,40.90.147.32/27
canadaeast,40.126.11.128/25
canadaeast,52.108.232.0/23
canadaeast,52.109.96.0/22
canadaeast,52.114.164.0/22
canadaeast,52.136.22.0/24
canadaeast,52.139.64.0/18
canadaeast,52.155.0.0/19
canadaeast,52.229.64.0/18
canadaeast,52.232.128.0/21
canadaeast,52.235.0.0/18
canadaeast,52.239.164.128/26
canadaeast,52.239.190.0/25
canadaeast,52.242.0.0/18
canadaeast,52.245.32.0/22
canadaeast,104.44.93.64/27
canadaeast,104.44.95.32/28
indiacentral,13.71.0.0/18
indiacentral,20.40.40.0/21
indiacentral,20.40.48.0/20
indiacentral,20.43.120.0/21
indiacentral,20.190.146.0/25
indiacentral,40.79.214.0/24
indiacentral,40.80.64.0/19
indiacentral,40.81.224.0/19
indiacentral,40.87.224.0/22
indiacentral,40.90.137.128/27
indiacentral,40.112.39.0/25
indiacentral,40.112.39.128/26
indiacentral,40.126.18.0/25
indiacentral,52.108.44.0/23
indiacentral,52.109.56.0/22
indiacentral,52.114.40.0/22
indiacentral,52.136.24.0/24
indiacentral,52.140.64.0/18
indiacentral,52.159.64.0/19
indiacentral,52.172.128.0/17
indiacentral,52.239.135.64/26
indiacentral,52.239.202.0/24
indiacentral,52.245.96.0/22
indiacentral,104.44.92.128/27
indiacentral,104.44.94.192/28
indiacentral,104.47.210.0/23
indiacentral,104.211.64.0/18
uscentraleuap,13.67.153.16/28
uscentraleuap,13.67.154.0/24
uscentraleuap,20.190.138.128/25
uscentraleuap,40.66.120.0/21
uscentraleuap,40.78.200.0/21
uscentraleuap,40.78.208.16/28
uscentraleuap,40.79.232.0/21
uscentraleuap,40.82.0.0/22
uscentraleuap,40.83.24.96/27
uscentraleuap,40.89.32.0/19
uscentraleuap,40.90.132.80/28
uscentraleuap,40.90.142.32/27
uscentraleuap,40.90.149.0/27
uscentraleuap,40.122.0.0/20
uscentraleuap,40.126.10.128/25
uscentraleuap,52.109.140.0/22
uscentraleuap,52.141.224.0/20
uscentraleuap,52.143.198.0/24
uscentraleuap,52.158.176.0/20
uscentraleuap,52.165.104.128/26
uscentraleuap,52.176.225.0/24
uscentraleuap,52.176.232.0/21
uscentraleuap,52.176.240.0/20
uscentraleuap,52.180.160.0/20
uscentraleuap,52.180.176.0/21
uscentraleuap,52.185.56.112/28
uscentraleuap,52.185.112.64/27
uscentraleuap,52.239.177.0/27
uscentraleuap,52.239.238.0/24
uscentraleuap,52.245.69.0/27
uscentraleuap,52.253.156.0/22
uscentraleuap,52.253.232.0/21
uscentraleuap,104.208.48.0/20
uscentraleuap,168.61.136.0/21
uscentral,13.67.128.0/20
uscentral,13.67.144.0/21
uscentral,13.67.152.0/24
uscentral,13.67.153.0/28
uscentral,13.67.153.32/27
uscentral,13.67.153.64/26
uscentral,13.67.153.128/25
uscentral,13.67.155.0/24
uscentral,13.67.156.0/22
uscentral,13.67.160.0/19
uscentral,13.67.192.0/18
uscentral,13.86.0.0/17
uscentral,13.89.0.0/16
uscentral,20.37.128.0/18
uscentral,20.38.96.0/23
uscentral,20.40.192.0/18
uscentral,20.44.8.0/21
uscentral,20.184.64.0/18
uscentral,20.186.192.0/18
uscentral,20.190.134.0/24
uscentral,23.99.128.0/17
uscentral,23.100.80.0/21
uscentral,23.100.240.0/20
uscentral,23.101.112.0/20
uscentral,23.102.202.0/24
uscentral,40.67.160.0/19
uscentral,40.69.128.0/18
uscentral,40.77.0.0/17
uscentral,40.77.161.64/26
uscentral,40.77.166.192/26
uscentral,40.77.175.192/27
uscentral,40.77.175.240/28
uscentral,40.77.182.16/28
uscentral,40.77.182.192/26
uscentral,40.77.184.128/25
uscentral,40.77.197.0/24
uscentral,40.77.255.128/26
uscentral,40.78.128.0/18
uscentral,40.78.221.0/24
uscentral,40.82.16.0/22
uscentral,40.83.0.0/20
uscentral,40.83.16.0/21
uscentral,40.83.24.0/26
uscentral,40.83.24.64/27
uscentral,40.83.24.128/25
uscentral,40.83.25.0/24
uscentral,40.83.26.0/23
uscentral,40.83.28.0/22
uscentral,40.83.32.0/19
uscentral,40.86.0.0/17
uscentral,40.87.180.0/22
uscentral,40.89.224.0/19
uscentral,40.90.16.0/27
uscentral,40.90.128.16/28
uscentral,40.90.129.224/27
uscentral,40.90.130.64/28
uscentral,40.90.132.192/26
uscentral,40.90.137.224/27
uscentral,40.90.140.96/27
uscentral,40.90.140.224/27
uscentral,40.90.141.0/27
uscentral,40.90.142.128/27
uscentral,40.90.142.240/28
uscentral,40.90.144.0/27
uscentral,40.90.144.128/26
uscentral,40.90.148.176/28
uscentral,40.90.149.96/27
uscentral,40.90.151.160/27
uscentral,40.90.154.64/26
uscentral,40.113.192.0/18
uscentral,40.122.16.0/20
uscentral,40.122.32.0/19
uscentral,40.122.64.0/18
uscentral,40.122.128.0/17
uscentral,40.126.6.0/24
uscentral,52.108.208.0/21
uscentral,52.109.8.0/22
uscentral,52.114.128.0/22
uscentral,52.125.128.0/22
uscentral,52.136.30.0/24
uscentral,52.141.192.0/19
uscentral,52.141.240.0/20
uscentral,52.143.193.0/24
uscentral,52.143.224.0/19
uscentral,52.154.0.0/18
uscentral,52.154.128.0/17
uscentral,52.158.160.0/20
uscentral,52.158.192.0/19
uscentral,52.165.0.0/19
uscentral,52.165.32.0/20
uscentral,52.165.48.0/28
uscentral,52.165.49.0/24
uscentral,52.165.56.0/21
uscentral,52.165.64.0/19
uscentral,52.165.96.0/21
uscentral,52.165.104.0/25
uscentral,52.165.128.0/17
uscentral,52.173.0.0/16
uscentral,52.176.0.0/17
uscentral,52.176.128.0/19
uscentral,52.176.160.0/21
uscentral,52.176.176.0/20
uscentral,52.176.192.0/19
uscentral,52.176.224.0/26
uscentral,52.176.224.64/27
uscentral,52.176.224.96/28
uscentral,52.180.128.0/19
uscentral,52.180.184.0/27
uscentral,52.180.184.32/28
uscentral,52.180.185.0/24
uscentral,52.182.128.0/17
uscentral,52.185.0.0/19
uscentral,52.185.32.0/20
uscentral,52.185.48.0/21
uscentral,52.185.56.0/26
uscentral,52.185.56.64/27
uscentral,52.185.56.96/28
uscentral,52.185.56.128/27
uscentral,52.185.56.160/28
uscentral,52.185.64.0/20
uscentral,52.185.80.0/26
uscentral,52.185.81.0/24
uscentral,52.185.88.0/21
uscentral,52.185.96.0/20
uscentral,52.185.112.0/26
uscentral,52.185.112.96/27
uscentral,52.185.120.0/21
uscentral,52.189.0.0/17
uscentral,52.228.128.0/17
uscentral,52.230.128.0/17
uscentral,52.232.157.0/24
uscentral,52.238.192.0/18
uscentral,52.239.150.0/23
uscentral,52.239.177.32/27
uscentral,52.239.177.64/26
uscentral,52.239.177.128/25
uscentral,52.239.195.0/24
uscentral,52.239.234.0/23
uscentral,52.242.128.0/17
uscentral,52.245.68.0/24
uscentral,52.245.69.32/27
uscentral,52.245.69.64/27
uscentral,52.245.69.96/28
uscentral,52.245.69.144/28
uscentral,52.245.69.160/27
uscentral,52.245.69.192/26
uscentral,52.245.70.0/23
uscentral,52.255.0.0/19
uscentral,65.55.144.0/23
uscentral,65.55.146.0/24
uscentral,104.43.128.0/17
uscentral,104.44.88.160/27
uscentral,104.44.91.160/27
uscentral,104.44.92.224/27
uscentral,104.44.94.80/28
uscentral,104.208.0.0/19
uscentral,104.208.32.0/20
uscentral,131.253.36.224/27
uscentral,157.55.108.0/23
uscentral,168.61.128.0/25
uscentral,168.61.128.128/28
uscentral,168.61.128.160/27
uscentral,168.61.128.192/26
uscentral,168.61.129.0/25
uscentral,168.61.129.128/26
uscentral,168.61.129.208/28
uscentral,168.61.129.224/27
uscentral,168.61.130.64/26
uscentral,168.61.130.128/25
uscentral,168.61.131.0/26
uscentral,168.61.131.128/25
uscentral,168.61.132.0/26
uscentral,168.61.144.0/20
uscentral,168.61.160.0/19
uscentral,168.61.208.0/20
uscentral,193.149.72.0/21
asiaeast,13.70.0.0/18
asiaeast,13.72.192.0/19
asiaeast,13.75.0.0/17
asiaeast,13.88.208.0/20
asiaeast,13.94.0.0/18
asiaeast,20.187.64.0/18
asiaeast,20.189.64.0/18
asiaeast,20.190.140.128/25
asiaeast,23.97.64.0/19
asiaeast,23.98.32.0/21
asiaeast,23.98.40.0/22
asiaeast,23.98.44.0/24
asiaeast,23.99.96.0/19
asiaeast,23.100.88.0/21
asiaeast,23.101.0.0/20
asiaeast,23.102.200.0/23
asiaeast,23.102.224.0/19
asiaeast,40.77.134.0/24
asiaeast,40.77.136.16/28
asiaeast,40.77.160.32/27
asiaeast,40.77.160.64/26
asiaeast,40.77.160.128/25
asiaeast,40.77.161.0/26
asiaeast,40.77.161.128/25
asiaeast,40.77.175.128/27
asiaeast,40.77.192.0/22
asiaeast,40.77.226.0/25
asiaeast,40.77.234.128/27
asiaeast,40.77.236.192/28
asiaeast,40.77.252.0/23
asiaeast,40.79.210.0/24
asiaeast,40.81.16.0/20
asiaeast,40.83.64.0/18
asiaeast,40.87.192.0/22
asiaeast,40.90.154.192/26
asiaeast,40.126.12.128/25
asiaeast,52.108.32.0/22
asiaeast,52.109.120.0/22
asiaeast,52.114.0.0/21
asiaeast,52.114.52.0/23
asiaeast,52.115.40.0/22
asiaeast,52.115.44.0/23
asiaeast,52.139.128.0/18
asiaeast,52.175.0.0/17
asiaeast,52.184.0.0/17
asiaeast,52.229.128.0/17
asiaeast,52.232.153.0/24
asiaeast,52.239.128.0/24
asiaeast,52.239.224.0/24
asiaeast,52.245.56.0/22
asiaeast,52.246.128.0/20
asiaeast,65.52.160.0/19
asiaeast,104.44.88.192/27
asiaeast,104.44.90.224/27
asiaeast,104.44.91.192/27
asiaeast,104.44.94.96/28
asiaeast,104.46.24.0/22
asiaeast,104.208.64.0/18
asiaeast,104.214.160.0/19
asiaeast,111.221.29.0/24
asiaeast,111.221.30.0/23
asiaeast,111.221.78.0/23
asiaeast,131.253.13.100/30
asiaeast,131.253.13.104/30
asiaeast,131.253.35.192/26
asiaeast,134.170.192.0/21
asiaeast,137.116.160.0/20
asiaeast,168.63.128.0/24
asiaeast,168.63.129.0/28
asiaeast,168.63.129.32/27
asiaeast,168.63.129.64/26
asiaeast,168.63.129.128/25
asiaeast,168.63.130.0/23
asiaeast,168.63.132.0/22
asiaeast,168.63.136.0/21
asiaeast,168.63.148.0/22
asiaeast,168.63.152.0/22
asiaeast,168.63.156.0/24
asiaeast,168.63.192.0/19
asiaeast,191.232.140.0/24
asiaeast,191.234.2.0/23
asiaeast,191.234.16.0/20
asiaeast,191.237.238.0/24
asiaeast,204.231.197.0/24
asiaeast,207.46.67.160/27
asiaeast,207.46.67.192/27
asiaeast,207.46.72.0/27
asiaeast,207.46.77.224/28
asiaeast,207.46.87.0/24
asiaeast,207.46.89.16/28
asiaeast,207.46.95.32/27
asiaeast,207.46.126.0/24
asiaeast,207.46.128.0/19
asiaeast,207.68.174.208/28
europeeast,40.78.213.0/24
europeeast,40.80.28.0/22
europeeast,52.109.84.0/22
useast2euap,20.39.0.0/19
useast2euap,20.190.138.0/25
useast2euap,40.70.88.0/28
useast2euap,40.74.144.0/20
useast2euap,40.75.32.0/21
useast2euap,40.78.208.0/28
useast2euap,40.79.88.0/27
useast2euap,40.79.88.32/28
useast2euap,40.79.89.0/24
useast2euap,40.79.96.0/19
useast2euap,40.89.64.0/18
useast2euap,40.90.137.32/27
useast2euap,40.90.146.192/27
useast2euap,40.91.12.0/28
useast2euap,40.91.12.32/28
useast2euap,40.91.13.0/28
useast2euap,40.126.10.0/25
useast2euap,52.138.64.0/20
useast2euap,52.138.88.0/21
useast2euap,52.143.212.0/23
useast2euap,52.147.128.0/19
useast2euap,52.184.168.16/28
useast2euap,52.184.168.32/28
useast2euap,52.225.136.48/28
useast2euap,52.225.144.0/20
useast2euap,52.225.160.0/19
useast2euap,52.232.150.0/24
useast2euap,52.239.157.224/27
useast2euap,52.239.165.192/26
useast2euap,52.239.184.128/27
useast2euap,52.239.184.176/28
useast2euap,52.239.184.224/27
useast2euap,52.239.185.0/28
useast2euap,52.239.192.128/27
useast2euap,52.239.198.128/27
useast2euap,52.239.230.0/24
useast2euap,52.239.239.0/24
useast2euap,52.245.45.144/28
useast2euap,52.245.46.32/28
useast2euap,52.245.46.80/28
useast2euap,52.245.46.96/28
useast2euap,52.245.47.0/24
useast2euap,52.253.150.0/23
useast2euap,52.253.152.0/23
useast2euap,52.253.224.0/21
useast2euap,52.254.120.0/21
useast2euap,104.44.95.208/28
useast2,13.68.0.0/17
useast2,13.77.64.0/18
useast2,20.36.128.0/17
useast2,20.38.100.0/23
useast2,20.41.0.0/18
useast2,20.44.16.0/21
useast2,20.44.64.0/18
useast2,20.186.0.0/17
useast2,20.186.128.0/18
useast2,20.190.131.0/24
useast2,20.190.192.0/18
useast2,23.100.64.0/21
useast2,23.101.32.0/21
useast2,23.101.80.0/21
useast2,23.101.144.0/20
useast2,23.102.96.0/19
useast2,23.102.204.0/22
useast2,23.102.208.0/20
useast2,40.65.192.0/18
useast2,40.67.128.0/19
useast2,40.70.0.0/18
useast2,40.70.64.0/20
useast2,40.70.80.0/21
useast2,40.70.128.0/17
useast2,40.75.0.0/19
useast2,40.75.64.0/18
useast2,40.77.128.128/25
useast2,40.77.129.0/24
useast2,40.77.130.0/25
useast2,40.77.132.0/24
useast2,40.77.136.48/28
useast2,40.77.163.0/24
useast2,40.77.166.160/27
useast2,40.77.167.0/24
useast2,40.77.168.0/24
useast2,40.77.170.0/24
useast2,40.77.175.96/27
useast2,40.77.177.0/24
useast2,40.77.178.0/23
useast2,40.77.182.0/28
useast2,40.77.182.32/27
useast2,40.77.184.0/25
useast2,40.77.198.0/26
useast2,40.77.224.128/25
useast2,40.77.228.0/24
useast2,40.77.233.0/24
useast2,40.77.234.192/27
useast2,40.77.236.80/28
useast2,40.77.237.64/26
useast2,40.77.240.0/25
useast2,40.77.245.0/24
useast2,40.77.248.0/25
useast2,40.77.251.0/24
useast2,40.78.208.48/28
useast2,40.78.220.0/24
useast2,40.79.0.0/21
useast2,40.79.8.0/27
useast2,40.79.8.32/28
useast2,40.79.8.64/27
useast2,40.79.8.96/28
useast2,40.79.9.0/24
useast2,40.79.16.0/20
useast2,40.79.32.0/20
useast2,40.79.48.0/27
useast2,40.79.48.32/28
useast2,40.79.49.0/24
useast2,40.79.56.0/21
useast2,40.79.64.0/20
useast2,40.79.80.0/21
useast2,40.79.90.0/24
useast2,40.79.91.0/28
useast2,40.79.92.0/24
useast2,40.79.93.0/28
useast2,40.79.94.0/24
useast2,40.79.95.0/28
useast2,40.82.4.0/22
useast2,40.82.44.0/22
useast2,40.84.0.0/17
useast2,40.87.168.0/22
useast2,40.90.130.160/27
useast2,40.90.132.128/26
useast2,40.90.136.0/28
useast2,40.90.138.160/27
useast2,40.90.140.160/27
useast2,40.90.140.192/27
useast2,40.90.143.192/26
useast2,40.90.144.64/26
useast2,40.90.145.32/27
useast2,40.90.145.64/27
useast2,40.90.148.96/27
useast2,40.90.155.128/26
useast2,40.91.12.16/28
useast2,40.91.12.48/28
useast2,40.91.12.64/26
useast2,40.91.12.128/28
useast2,40.91.12.160/27
useast2,40.91.12.208/28
useast2,40.91.12.240/28
useast2,40.91.13.64/27
useast2,40.91.13.96/28
useast2,40.91.13.128/27
useast2,40.91.13.240/28
useast2,40.91.14.0/24
useast2,40.123.0.0/17
useast2,40.126.3.0/24
useast2,52.109.4.0/22
useast2,52.112.104.0/24
useast2,52.114.136.0/21
useast2,52.114.180.0/23
useast2,52.115.48.0/22
useast2,52.115.52.0/23
useast2,52.125.136.0/24
useast2,52.136.29.0/24
useast2,52.138.80.0/21
useast2,52.138.96.0/19
useast2,52.143.192.0/24
useast2,52.147.160.0/19
useast2,52.167.0.0/16
useast2,52.177.0.0/16
useast2,52.179.128.0/17
useast2,52.184.128.0/19
useast2,52.184.160.0/21
useast2,52.184.168.0/28
useast2,52.184.168.80/28
useast2,52.184.168.96/27
useast2,52.184.168.128/28
useast2,52.184.169.0/24
useast2,52.184.170.0/24
useast2,52.184.176.0/20
useast2,52.184.192.0/18
useast2,52.225.128.0/21
useast2,52.225.136.0/27
useast2,52.225.136.32/28
useast2,52.225.136.64/28
useast2,52.225.137.0/24
useast2,52.225.192.0/18
useast2,52.232.151.0/24
useast2,52.232.160.0/19
useast2,52.232.192.0/18
useast2,52.239.156.0/24
useast2,52.239.157.0/25
useast2,52.239.157.128/26
useast2,52.239.157.192/27
useast2,52.239.172.0/22
useast2,52.239.184.0/25
useast2,52.239.184.160/28
useast2,52.239.184.192/27
useast2,52.239.185.32/27
useast2,52.239.185.64/27
useast2,52.239.192.0/25
useast2,52.239.192.160/27
useast2,52.239.192.192/26
useast2,52.239.198.0/25
useast2,52.239.198.160/27
useast2,52.239.198.192/26
useast2,52.239.206.0/24
useast2,52.239.207.0/27
useast2,52.239.207.32/28
useast2,52.239.207.64/26
useast2,52.239.207.128/26
useast2,52.239.222.0/23
useast2,52.242.64.0/18
useast2,52.245.44.0/24
useast2,52.245.45.0/25
useast2,52.245.45.128/28
useast2,52.245.45.160/27
useast2,52.245.45.192/26
useast2,52.245.46.0/27
useast2,52.245.46.48/28
useast2,52.245.46.64/28
useast2,52.245.46.112/28
useast2,52.245.46.128/28
useast2,52.245.46.160/27
useast2,52.245.46.192/26
useast2,52.247.0.0/17
useast2,52.250.128.0/18
useast2,52.251.0.0/17
useast2,52.252.0.0/17
useast2,52.253.64.0/20
useast2,52.253.148.0/23
useast2,52.253.154.0/23
useast2,52.254.0.0/18
useast2,52.254.64.0/19
useast2,52.254.96.0/20
useast2,52.254.112.0/21
useast2,65.52.108.0/23
useast2,65.52.110.0/24
useast2,65.55.44.16/28
useast2,65.55.44.32/27
useast2,65.55.44.64/27
useast2,65.55.44.96/28
useast2,65.55.44.128/27
useast2,65.55.60.188/30
useast2,65.55.105.0/26
useast2,65.55.105.96/27
useast2,65.55.105.224/27
useast2,65.55.106.0/26
useast2,65.55.106.64/27
useast2,65.55.106.128/26
useast2,65.55.107.48/28
useast2,65.55.107.64/27
useast2,65.55.108.0/24
useast2,65.55.209.128/26
useast2,65.55.211.32/27
useast2,65.55.213.64/26
useast2,65.55.213.128/26
useast2,65.55.217.0/24
useast2,65.55.219.32/27
useast2,65.55.219.128/25
useast2,104.44.88.32/27
useast2,104.44.88.96/27
useast2,104.44.91.96/27
useast2,104.44.93.160/27
useast2,104.44.94.48/28
useast2,104.46.0.0/21
useast2,104.46.96.0/19
useast2,104.46.192.0/20
useast2,104.47.200.0/21
useast2,104.208.128.0/17
useast2,104.209.128.0/17
useast2,104.210.0.0/20
useast2,131.253.12.176/28
useast2,131.253.12.208/28
useast2,131.253.12.224/30
useast2,131.253.13.16/29
useast2,131.253.13.48/28
useast2,131.253.13.72/29
useast2,131.253.13.80/29
useast2,131.253.13.96/30
useast2,131.253.14.16/28
useast2,131.253.14.64/29
useast2,131.253.14.208/28
useast2,131.253.14.224/28
useast2,131.253.15.8/29
useast2,131.253.15.16/28
useast2,131.253.24.0/28
useast2,131.253.24.192/26
useast2,131.253.34.224/27
useast2,131.253.38.0/27
useast2,131.253.38.128/26
useast2,131.253.40.0/28
useast2,134.170.221.0/24
useast2,137.116.0.0/18
useast2,137.116.64.0/19
useast2,137.116.96.0/22
useast2,157.55.7.128/26
useast2,157.55.10.192/26
useast2,157.55.11.128/25
useast2,157.55.37.0/24
useast2,157.55.38.0/24
useast2,157.55.48.0/24
useast2,157.55.50.0/25
useast2,157.55.55.100/30
useast2,157.55.55.104/29
useast2,157.55.55.136/29
useast2,157.55.55.144/29
useast2,157.55.55.160/28
useast2,157.56.2.128/25
useast2,157.56.3.0/25
useast2,191.236.192.0/18
useast2,191.237.128.0/18
useast2,191.239.224.0/20
useast2,193.149.64.0/21
useast2,199.30.18.0/23
useast2,199.30.20.0/24
useast2,199.30.22.0/24
useast2,199.30.28.64/26
useast2,199.30.28.128/25
useast2,199.30.29.0/24
useast,13.68.128.0/17
useast,13.72.64.0/18
useast,13.82.0.0/16
useast,13.90.0.0/16
useast,13.92.0.0/16
useast,20.38.98.0/24
useast,20.39.32.0/19
useast,20.42.0.0/17
useast,20.185.0.0/16
useast,20.190.130.0/24
useast,23.96.0.0/17
useast,23.98.45.0/24
useast,23.100.16.0/20
useast,23.101.128.0/20
useast,40.64.0.0/16
useast,40.71.0.0/16
useast,40.76.0.0/16
useast,40.78.219.0/24
useast,40.78.224.0/21
useast,40.79.152.0/21
useast,40.80.144.0/21
useast,40.82.24.0/22
useast,40.82.60.0/22
useast,40.85.160.0/19
useast,40.87.0.0/17
useast,40.87.164.0/22
useast,40.88.0.0/16
useast,40.90.130.96/28
useast,40.90.131.224/27
useast,40.90.136.16/28
useast,40.90.136.32/27
useast,40.90.137.96/27
useast,40.90.139.224/27
useast,40.90.143.0/27
useast,40.90.146.64/26
useast,40.90.147.0/27
useast,40.90.148.64/27
useast,40.90.150.32/27
useast,40.90.224.0/19
useast,40.91.4.0/22
useast,40.112.48.0/20
useast,40.114.0.0/17
useast,40.117.32.0/19
useast,40.117.64.0/18
useast,40.117.128.0/17
useast,40.121.0.0/16
useast,40.126.2.0/24
useast,52.108.16.0/21
useast,52.109.12.0/22
useast,52.114.132.0/22
useast,52.125.132.0/22
useast,52.136.64.0/18
useast,52.142.0.0/18
useast,52.143.207.0/24
useast,52.146.0.0/17
useast,52.147.192.0/18
useast,52.149.128.0/17
useast,52.150.0.0/17
useast,52.151.128.0/17
useast,52.152.128.0/17
useast,52.154.64.0/18
useast,52.159.96.0/19
useast,52.168.0.0/16
useast,52.170.0.0/16
useast,52.179.0.0/17
useast,52.186.0.0/16
useast,52.188.0.0/16
useast,52.190.0.0/17
useast,52.191.0.0/18
useast,52.191.64.0/19
useast,52.191.96.0/21
useast,52.191.104.0/27
useast,52.191.105.0/24
useast,52.191.106.0/24
useast,52.191.112.0/20
useast,52.191.192.0/18
useast,52.224.0.0/16
useast,52.226.0.0/16
useast,52.232.146.0/24
useast,52.234.128.0/17
useast,52.239.152.0/22
useast,52.239.168.0/22
useast,52.239.207.192/26
useast,52.239.214.0/23
useast,52.239.220.0/23
useast,52.239.246.0/23
useast,52.239.252.0/24
useast,52.240.0.0/17
useast,52.245.8.0/22
useast,52.245.104.0/22
useast,52.249.128.0/17
useast,52.253.160.0/24
useast,52.255.128.0/17
useast,65.54.19.128/27
useast,104.41.128.0/19
useast,104.44.91.32/27
useast,104.44.94.16/28
useast,104.44.95.160/27
useast,104.44.95.240/28
useast,104.45.128.0/18
useast,104.45.192.0/20
useast,104.211.0.0/18
useast,137.116.112.0/20
useast,137.117.32.0/19
useast,137.117.64.0/18
useast,137.135.64.0/18
useast,138.91.96.0/19
useast,157.56.176.0/21
useast,168.61.32.0/20
useast,168.61.48.0/21
useast,168.62.32.0/19
useast,168.62.160.0/19
useast,191.233.16.0/21
useast,191.234.32.0/19
useast,191.236.0.0/18
useast,191.237.0.0/17
useast,191.238.0.0/18
francec,20.39.232.0/21
francec,20.39.240.0/20
francec,20.40.128.0/19
francec,20.43.32.0/19
francec,20.188.32.0/19
francec,20.190.147.0/25
francec,40.66.32.0/19
francec,40.79.128.0/20
francec,40.79.144.0/21
francec,40.79.222.0/24
francec,40.80.24.0/22
francec,40.89.128.0/18
francec,40.90.130.240/28
francec,40.90.132.0/27
francec,40.90.136.64/26
francec,40.90.136.128/27
francec,40.90.147.128/26
francec,40.90.147.192/27
francec,40.126.19.0/25
francec,52.108.52.0/23
francec,52.109.68.0/22
francec,52.114.104.0/22
francec,52.143.128.0/18
francec,52.143.215.0/24
francec,52.143.216.0/23
francec,52.239.134.0/24
francec,52.239.194.0/24
francec,52.239.241.0/24
francec,52.245.116.0/22
frances,20.38.188.0/22
frances,20.39.80.0/20
frances,20.190.147.128/25
frances,40.79.176.0/21
frances,40.79.223.0/24
frances,40.80.20.0/22
frances,40.82.224.0/20
frances,40.90.132.32/28
frances,40.90.136.192/27
frances,40.90.147.224/27
frances,40.126.19.128/25
frances,52.108.222.0/23
frances,52.109.72.0/22
frances,52.114.108.0/22
frances,52.136.8.0/21
frances,52.136.28.0/24
frances,52.136.128.0/18
frances,52.239.135.0/26
frances,52.239.196.0/24
frances,52.245.120.0/22
japaneast,13.71.128.0/19
japaneast,13.73.0.0/19
japaneast,13.78.0.0/17
japaneast,20.37.96.0/19
japaneast,20.38.116.0/23
japaneast,20.40.88.0/21
japaneast,20.40.96.0/21
japaneast,20.43.64.0/19
japaneast,20.44.128.0/18
japaneast,20.188.0.0/19
japaneast,20.190.141.128/25
japaneast,23.98.57.0/24
japaneast,23.100.96.0/21
japaneast,23.102.64.0/19
japaneast,40.79.184.0/21
japaneast,40.79.192.0/21
japaneast,40.79.208.0/24
japaneast,40.81.192.0/19
japaneast,40.82.48.0/22
japaneast,40.87.200.0/22
japaneast,40.90.16.160/27
japaneast,40.90.128.80/28
japaneast,40.90.132.64/28
japaneast,40.90.142.0/27
japaneast,40.90.142.192/28
japaneast,40.90.148.224/27
japaneast,40.90.152.192/27
japaneast,40.115.128.0/17
japaneast,40.126.13.128/25
japaneast,52.108.228.0/23
japaneast,52.109.52.0/22
japaneast,52.114.32.0/22
japaneast,52.115.38.0/24
japaneast,52.136.31.0/24
japaneast,52.140.192.0/18
japaneast,52.155.96.0/19
japaneast,52.156.32.0/19
japaneast,52.185.128.0/18
japaneast,52.232.155.0/24
japaneast,52.239.144.0/23
japaneast,52.243.32.0/19
japaneast,52.245.36.0/22
japaneast,52.246.160.0/19
japaneast,52.253.96.0/19
japaneast,52.253.161.0/24
japaneast,104.41.160.0/19
japaneast,104.44.88.224/27
japaneast,104.44.91.224/27
japaneast,104.44.94.112/28
japaneast,104.46.208.0/20
japaneast,138.91.0.0/20
japaneast,191.234.138.0/23
japaneast,191.237.240.0/23
japaneast,191.239.128.0/19
japanwest,13.73.232.0/21
japanwest,20.39.176.0/21
japanwest,20.189.192.0/18
japanwest,20.190.141.0/25
japanwest,23.98.56.0/24
japanwest,23.100.104.0/21
japanwest,40.74.64.0/18
japanwest,40.74.128.0/20
japanwest,40.79.209.0/24
japanwest,40.80.56.0/21
japanwest,40.81.176.0/20
japanwest,40.87.204.0/22
japanwest,40.90.137.0/27
japanwest,40.90.142.208/28
japanwest,40.90.156.0/26
japanwest,40.126.13.0/25
japanwest,52.108.46.0/23
japanwest,52.109.132.0/22
japanwest,52.114.36.0/22
japanwest,52.115.39.0/24
japanwest,52.147.64.0/19
japanwest,52.175.128.0/18
japanwest,52.232.158.0/24
japanwest,52.239.146.0/23
japanwest,52.245.92.0/22
japanwest,104.44.92.0/27
japanwest,104.44.94.128/28
japanwest,104.46.224.0/20
japanwest,104.214.128.0/19
japanwest,104.215.0.0/18
japanwest,138.91.16.0/20
japanwest,191.233.32.0/19
japanwest,191.237.236.0/24
japanwest,191.238.68.0/24
japanwest,191.238.80.0/21
japanwest,191.238.88.0/22
japanwest,191.238.92.0/23
japanwest,191.239.96.0/20
koreacentral,20.39.184.0/21
koreacentral,20.39.192.0/20
koreacentral,20.41.64.0/18
koreacentral,20.44.24.0/21
koreacentral,20.190.144.128/25
koreacentral,20.190.148.128/25
koreacentral,40.79.221.0/24
koreacentral,40.80.36.0/22
koreacentral,40.82.128.0/19
koreacentral,40.90.17.224/27
koreacentral,40.90.128.176/28
koreacentral,40.90.131.128/27
koreacentral,40.90.139.128/27
koreacentral,40.90.156.64/27
koreacentral,40.126.16.128/25
koreacentral,40.126.20.128/25
koreacentral,52.108.48.0/23
koreacentral,52.109.44.0/22
koreacentral,52.114.44.0/22
koreacentral,52.141.0.0/18
koreacentral,52.231.0.0/17
koreacentral,52.232.145.0/24
koreacentral,52.239.148.0/27
koreacentral,52.239.164.192/26
koreacentral,52.239.190.128/26
koreacentral,52.245.112.0/22
koreacentral,104.44.90.160/27
koreasouth,20.39.168.0/21
koreasouth,20.190.148.0/25
koreasouth,40.79.220.0/24
koreasouth,40.80.32.0/22
koreasouth,40.80.168.0/21
koreasouth,40.80.224.0/20
koreasouth,40.89.192.0/19
koreasouth,40.90.131.160/27
koreasouth,40.90.139.160/27
koreasouth,40.126.20.0/25
koreasouth,52.108.226.0/23
koreasouth,52.109.48.0/22
koreasouth,52.114.48.0/22
koreasouth,52.147.96.0/19
koreasouth,52.231.128.0/17
koreasouth,52.232.144.0/24
koreasouth,52.239.165.0/26
koreasouth,52.239.165.160/27
koreasouth,52.239.190.192/26
koreasouth,52.245.100.0/22
koreasouth,104.44.94.224/27
usnorth,20.36.96.0/21
usnorth,20.41.128.0/18
usnorth,20.190.135.0/24
usnorth,23.96.128.0/17
usnorth,23.98.48.0/21
usnorth,23.100.72.0/21
usnorth,23.100.224.0/20
usnorth,23.101.160.0/20
usnorth,40.77.131.224/28
usnorth,40.77.136.96/28
usnorth,40.77.175.0/27
usnorth,40.77.176.0/24
usnorth,40.77.182.128/27
usnorth,40.77.183.0/24
usnorth,40.77.188.0/22
usnorth,40.77.196.0/24
usnorth,40.77.224.0/28
usnorth,40.77.224.32/27
usnorth,40.77.231.0/24
usnorth,40.77.234.0/25
usnorth,40.77.236.32/27
usnorth,40.77.236.160/28
usnorth,40.77.237.0/26
usnorth,40.77.248.128/25
usnorth,40.77.254.0/26
usnorth,40.77.255.192/26
usnorth,40.78.208.64/28
usnorth,40.78.222.0/24
usnorth,40.80.184.0/21
usnorth,40.81.32.0/20
usnorth,40.87.172.0/22
usnorth,40.90.132.96/27
usnorth,40.90.140.128/27
usnorth,40.90.144.32/27
usnorth,40.90.155.192/26
usnorth,40.91.24.0/22
usnorth,40.116.0.0/16
usnorth,40.126.7.0/24
usnorth,52.109.16.0/22
usnorth,52.114.168.0/22
usnorth,52.141.128.0/18
usnorth,52.162.0.0/16
usnorth,52.232.156.0/24
usnorth,52.237.128.0/18
usnorth,52.239.149.0/24
usnorth,52.239.186.0/24
usnorth,52.239.253.0/24
usnorth,52.240.128.0/17
usnorth,52.245.72.0/22
usnorth,52.251.128.0/17
usnorth,52.252.128.0/17
usnorth,65.52.0.0/19
usnorth,65.52.48.0/20
usnorth,65.52.106.16/28
usnorth,65.52.106.32/27
usnorth,65.52.106.64/26
usnorth,65.52.106.128/27
usnorth,65.52.192.0/19
usnorth,65.52.232.0/21
usnorth,65.52.240.0/21
usnorth,65.55.25.128/25
usnorth,65.55.54.128/25
usnorth,65.55.60.176/29
usnorth,65.55.105.64/27
usnorth,65.55.105.192/27
usnorth,65.55.106.208/28
usnorth,65.55.106.224/28
usnorth,65.55.109.0/24
usnorth,65.55.208.0/24
usnorth,65.55.211.0/27
usnorth,65.55.211.192/26
usnorth,65.55.212.0/27
usnorth,65.55.212.64/26
usnorth,65.55.212.128/25
usnorth,65.55.213.0/27
usnorth,65.55.218.0/24
usnorth,65.55.219.0/27
usnorth,104.44.88.128/27
usnorth,104.44.91.128/27
usnorth,104.44.94.64/28
usnorth,104.47.220.0/22
usnorth,131.253.12.16/28
usnorth,131.253.12.40/29
usnorth,131.253.12.48/29
usnorth,131.253.12.192/28
usnorth,131.253.12.248/29
usnorth,131.253.13.0/28
usnorth,131.253.13.32/28
usnorth,131.253.14.32/27
usnorth,131.253.14.160/27
usnorth,131.253.14.248/29
usnorth,131.253.15.32/27
usnorth,131.253.15.64/26
usnorth,131.253.15.160/27
usnorth,131.253.15.208/28
usnorth,131.253.15.224/27
usnorth,131.253.24.128/27
usnorth,131.253.25.0/24
usnorth,131.253.26.128/25
usnorth,131.253.27.0/24
usnorth,131.253.36.128/26
usnorth,131.253.36.192/27
usnorth,131.253.38.32/27
usnorth,131.253.38.192/26
usnorth,131.253.40.16/28
usnorth,131.253.40.32/28
usnorth,134.170.220.0/24
usnorth,157.55.24.0/21
usnorth,157.55.55.0/27
usnorth,157.55.55.32/28
usnorth,157.55.55.112/28
usnorth,157.55.55.152/29
usnorth,157.55.55.176/29
usnorth,157.55.55.200/29
usnorth,157.55.55.216/29
usnorth,157.55.60.224/27
usnorth,157.55.64.0/20
usnorth,157.55.106.128/25
usnorth,157.55.110.0/23
usnorth,157.55.115.0/25
usnorth,157.55.136.0/21
usnorth,157.55.151.0/28
usnorth,157.55.160.0/20
usnorth,157.55.208.0/21
usnorth,157.55.248.0/21
usnorth,157.56.0.0/24
usnorth,157.56.8.0/21
usnorth,157.56.24.160/27
usnorth,157.56.24.192/28
usnorth,157.56.28.0/22
usnorth,157.56.216.0/26
usnorth,168.62.96.0/19
usnorth,168.62.224.0/19
usnorth,191.233.144.0/24
usnorth,191.233.145.0/28
usnorth,191.233.152.0/21
usnorth,191.233.160.0/20
usnorth,191.233.176.0/21
usnorth,191.236.128.0/18
usnorth,199.30.17.0/24
usnorth,199.30.23.0/24
usnorth,207.46.193.192/28
usnorth,207.46.193.224/27
usnorth,207.46.198.128/25
usnorth,207.46.200.96/27
usnorth,207.46.200.176/28
usnorth,207.46.202.128/28
usnorth,207.46.205.0/24
usnorth,207.68.174.24/29
usnorth,207.68.174.40/29
usnorth,207.68.174.112/28
usnorth,207.68.174.184/29
europenorth2,40.78.212.0/24
europenorth2,40.80.4.0/22
europenorth2,52.109.80.0/22
europenorth,13.69.128.0/17
europenorth,13.70.192.0/18
europenorth,13.74.0.0/16
europenorth,13.79.0.0/16
europenorth,13.94.64.0/18
europenorth,20.38.64.0/19
europenorth,20.38.102.0/23
europenorth,20.190.129.0/24
europenorth,20.191.0.0/18
europenorth,23.100.48.0/20
europenorth,23.100.128.0/18
europenorth,23.101.48.0/20
europenorth,23.102.0.0/18
europenorth,40.67.224.0/19
europenorth,40.69.0.0/18
europenorth,40.69.64.0/19
europenorth,40.69.192.0/19
europenorth,40.77.133.0/24
europenorth,40.77.136.32/28
europenorth,40.77.136.80/28
europenorth,40.77.162.0/24
europenorth,40.77.165.0/24
europenorth,40.77.174.0/24
europenorth,40.77.175.160/27
europenorth,40.77.182.96/27
europenorth,40.77.226.128/25
europenorth,40.77.229.0/24
europenorth,40.77.234.160/27
europenorth,40.77.236.0/27
europenorth,40.77.236.176/28
europenorth,40.77.255.0/25
europenorth,40.78.211.0/24
europenorth,40.85.0.0/17
europenorth,40.85.128.0/20
europenorth,40.87.128.0/19
europenorth,40.87.188.0/22
europenorth,40.90.17.192/27
europenorth,40.90.129.192/27
europenorth,40.90.130.224/28
europenorth,40.90.133.64/27
europenorth,40.90.136.176/28
europenorth,40.90.137.192/27
europenorth,40.90.140.64/27
europenorth,40.90.141.96/27
europenorth,40.90.141.128/27
europenorth,40.90.145.0/27
europenorth,40.90.145.224/27
europenorth,40.90.147.96/27
europenorth,40.90.148.160/28
europenorth,40.90.149.128/25
europenorth,40.90.153.128/25
europenorth,40.91.20.0/22
europenorth,40.91.32.0/22
europenorth,40.112.0.0/19
europenorth,40.112.36.0/25
europenorth,40.112.37.64/26
europenorth,40.112.64.0/19
europenorth,40.113.0.0/18
europenorth,40.113.64.0/19
europenorth,40.115.96.0/19
europenorth,40.126.1.0/24
europenorth,40.127.96.0/20
europenorth,40.127.128.0/17
europenorth,51.104.64.0/18
europenorth,51.104.128.0/18
europenorth,52.108.240.0/21
europenorth,52.109.76.0/22
europenorth,52.112.232.0/24
europenorth,52.114.76.0/22
europenorth,52.114.96.0/21
europenorth,52.114.120.0/22
europenorth,52.115.16.0/21
europenorth,52.115.24.0/22
europenorth,52.125.138.0/23
europenorth,52.138.128.0/17
europenorth,52.142.64.0/18
europenorth,52.143.195.0/24
europenorth,52.143.209.0/24
europenorth,52.146.128.0/17
europenorth,52.155.64.0/19
europenorth,52.155.128.0/17
europenorth,52.156.192.0/18
europenorth,52.158.0.0/17
europenorth,52.164.0.0/16
europenorth,52.169.0.0/16
europenorth,52.178.128.0/17
europenorth,52.232.148.0/24
europenorth,52.236.0.0/17
europenorth,52.239.136.0/22
europenorth,52.239.205.0/24
europenorth,52.239.248.0/24
europenorth,52.245.40.0/22
europenorth,52.245.88.0/22
europenorth,64.4.22.128/25
europenorth,64.4.50.128/25
europenorth,65.52.64.0/20
europenorth,65.52.224.0/21
europenorth,65.55.4.0/24
europenorth,65.55.60.160/29
europenorth,65.55.60.168/30
europenorth,65.55.211.128/26
europenorth,65.55.216.0/24
europenorth,94.245.88.0/21
europenorth,94.245.104.0/21
europenorth,94.245.114.1/32
europenorth,94.245.114.2/31
europenorth,94.245.114.4/32
europenorth,94.245.114.33/32
europenorth,94.245.114.34/31
europenorth,94.245.114.36/32
europenorth,94.245.117.96/27
europenorth,94.245.118.0/27
europenorth,94.245.118.65/32
europenorth,94.245.118.66/31
europenorth,94.245.118.68/32
europenorth,94.245.118.97/32
europenorth,94.245.118.98/31
europenorth,94.245.118.100/32
europenorth,94.245.118.129/32
europenorth,94.245.118.130/31
europenorth,94.245.118.132/32
europenorth,94.245.120.128/28
europenorth,94.245.122.0/24
europenorth,94.245.123.144/28
europenorth,94.245.123.176/28
europenorth,104.41.64.0/18
europenorth,104.41.192.0/18
europenorth,104.44.88.64/27
europenorth,104.44.91.64/27
europenorth,104.44.92.192/27
europenorth,104.44.94.32/28
europenorth,104.45.80.0/20
europenorth,104.45.96.0/19
europenorth,104.46.8.0/21
europenorth,104.46.64.0/19
europenorth,104.47.218.0/23
europenorth,131.253.12.72/29
europenorth,131.253.13.108/30
europenorth,131.253.15.144/28
europenorth,131.253.37.0/24
europenorth,131.253.38.104/29
europenorth,131.253.40.56/29
europenorth,131.253.40.80/28
europenorth,137.116.224.0/19
europenorth,137.135.128.0/17
europenorth,138.91.48.0/20
europenorth,157.55.3.0/24
europenorth,157.55.10.160/29
europenorth,157.55.10.176/28
europenorth,157.55.13.128/26
europenorth,157.55.55.64/27
europenorth,157.55.55.192/29
europenorth,157.55.106.64/26
europenorth,157.55.107.0/24
europenorth,157.55.204.128/25
europenorth,157.55.230.160/27
europenorth,168.61.80.0/20
europenorth,168.61.96.0/19
europenorth,168.63.32.0/19
europenorth,168.63.64.0/20
europenorth,168.63.80.0/21
europenorth,168.63.92.0/22
europenorth,191.232.138.0/23
europenorth,191.235.128.0/18
europenorth,191.235.192.0/22
europenorth,191.235.208.0/20
europenorth,191.235.255.0/24
europenorth,191.237.192.0/23
europenorth,191.237.194.0/24
europenorth,191.237.196.0/24
europenorth,191.237.208.0/20
europenorth,191.238.96.0/19
europenorth,191.239.208.0/20
europenorth,193.149.88.0/21
europenorth,199.30.21.0/24
europenorth,199.30.28.0/26
europenorth,207.46.194.0/24
europenorth,207.68.174.32/29
europenorth,207.68.174.80/28
europenorth,207.68.174.136/29
europenorth,207.68.174.152/29
europenorth,207.68.174.248/29
europenorth,213.199.168.0/24
ussouth,13.65.0.0/16
ussouth,13.66.0.0/17
ussouth,13.73.240.0/20
ussouth,13.84.0.0/15
ussouth,20.38.104.0/23
ussouth,20.45.0.0/18
ussouth,20.188.64.0/19
ussouth,20.189.0.0/18
ussouth,20.190.128.0/24
ussouth,23.98.128.0/17
ussouth,23.100.120.0/21
ussouth,23.101.176.0/20
ussouth,23.102.128.0/18
ussouth,40.74.160.0/19
ussouth,40.74.192.0/18
ussouth,40.77.130.192/26
ussouth,40.77.131.0/25
ussouth,40.77.131.128/26
ussouth,40.77.172.0/24
ussouth,40.77.175.224/28
ussouth,40.77.225.0/24
ussouth,40.78.214.0/24
ussouth,40.80.192.0/19
ussouth,40.82.40.0/22
ussouth,40.84.128.0/17
ussouth,40.86.128.0/19
ussouth,40.87.176.0/22
ussouth,40.90.16.128/27
ussouth,40.90.133.96/27
ussouth,40.90.136.160/28
ussouth,40.90.141.192/27
ussouth,40.90.145.96/27
ussouth,40.90.145.160/27
ussouth,40.90.148.0/26
ussouth,40.90.152.160/27
ussouth,40.90.155.0/26
ussouth,40.91.16.0/22
ussouth,40.119.0.0/18
ussouth,40.124.0.0/16
ussouth,40.126.0.0/24
ussouth,52.108.248.0/21
ussouth,52.109.20.0/22
ussouth,52.114.144.0/22
ussouth,52.125.137.0/24
ussouth,52.141.64.0/18
ussouth,52.152.0.0/17
ussouth,52.153.64.0/18
ussouth,52.153.192.0/18
ussouth,52.171.0.0/16
ussouth,52.183.192.0/18
ussouth,52.185.192.0/18
ussouth,52.189.128.0/18
ussouth,52.232.159.0/24
ussouth,52.239.158.0/23
ussouth,52.239.178.0/23
ussouth,52.239.180.0/22
ussouth,52.239.199.0/24
ussouth,52.239.200.0/23
ussouth,52.239.203.0/24
ussouth,52.239.204.0/24
ussouth,52.239.208.0/23
ussouth,52.245.24.0/22
ussouth,52.248.0.0/17
ussouth,52.249.0.0/18
ussouth,52.253.0.0/18
ussouth,52.255.64.0/18
ussouth,65.52.32.0/21
ussouth,65.54.55.160/27
ussouth,65.54.55.224/27
ussouth,70.37.48.0/20
ussouth,70.37.64.0/18
ussouth,70.37.160.0/21
ussouth,104.44.89.0/27
ussouth,104.44.89.64/27
ussouth,104.44.92.64/27
ussouth,104.44.94.160/27
ussouth,104.44.128.0/18
ussouth,104.47.208.0/23
ussouth,104.210.128.0/19
ussouth,104.210.176.0/20
ussouth,104.210.192.0/19
ussouth,104.214.0.0/17
ussouth,104.215.64.0/18
ussouth,131.253.40.64/28
ussouth,157.55.51.224/28
ussouth,157.55.80.0/21
ussouth,157.55.103.32/27
ussouth,157.55.153.224/28
ussouth,157.55.176.0/20
ussouth,157.55.192.0/21
ussouth,157.55.200.0/22
ussouth,157.55.204.0/27
ussouth,157.55.204.32/28
ussouth,168.62.128.0/19
ussouth,191.238.136.0/21
ussouth,191.238.144.0/20
ussouth,191.238.160.0/19
ussouth,191.238.224.0/19
indiasouth,13.71.64.0/18
indiasouth,20.40.0.0/21
indiasouth,20.41.192.0/18
indiasouth,20.44.32.0/19
indiasouth,20.190.145.128/25
indiasouth,40.78.192.0/21
indiasouth,40.79.213.0/24
indiasouth,40.81.64.0/20
indiasouth,40.87.216.0/22
indiasouth,40.90.137.160/27
indiasouth,40.126.17.128/25
indiasouth,52.108.230.0/23
indiasouth,52.109.60.0/22
indiasouth,52.114.24.0/22
indiasouth,52.136.17.0/24
indiasouth,52.140.0.0/18
indiasouth,52.172.0.0/17
indiasouth,52.239.135.128/26
indiasouth,52.239.188.0/24
indiasouth,52.245.84.0/22
indiasouth,104.44.92.160/27
indiasouth,104.44.94.208/28
indiasouth,104.47.214.0/23
indiasouth,104.211.192.0/18
asiasoutheast,13.67.0.0/17
asiasoutheast,13.76.0.0/16
asiasoutheast,20.43.128.0/18
asiasoutheast,20.44.192.0/18
asiasoutheast,20.184.0.0/18
asiasoutheast,20.188.96.0/19
asiasoutheast,20.190.64.0/19
asiasoutheast,20.190.140.0/25
asiasoutheast,20.191.128.0/19
asiasoutheast,23.97.48.0/20
asiasoutheast,23.98.64.0/18
asiasoutheast,23.100.112.0/21
asiasoutheast,23.101.16.0/20
asiasoutheast,40.65.128.0/18
asiasoutheast,40.78.223.0/24
asiasoutheast,40.78.232.0/21
asiasoutheast,40.82.28.0/22
asiasoutheast,40.87.196.0/22
asiasoutheast,40.90.133.128/27
asiasoutheast,40.90.137.64/27
asiasoutheast,40.90.138.96/27
asiasoutheast,40.90.141.224/27
asiasoutheast,40.90.145.128/27
asiasoutheast,40.90.146.160/27
asiasoutheast,40.90.146.224/27
asiasoutheast,40.90.154.128/26
asiasoutheast,40.90.160.0/19
asiasoutheast,40.119.192.0/18
asiasoutheast,40.126.12.0/25
asiasoutheast,52.108.236.0/22
asiasoutheast,52.109.124.0/22
asiasoutheast,52.114.8.0/21
asiasoutheast,52.114.56.0/23
asiasoutheast,52.115.32.0/22
asiasoutheast,52.115.36.0/23
asiasoutheast,52.136.26.0/24
asiasoutheast,52.139.192.0/18
asiasoutheast,52.143.196.0/24
asiasoutheast,52.143.210.0/24
asiasoutheast,52.148.64.0/18
asiasoutheast,52.163.0.0/16
asiasoutheast,52.187.0.0/17
asiasoutheast,52.187.128.0/18
asiasoutheast,52.230.0.0/17
asiasoutheast,52.237.64.0/18
asiasoutheast,52.239.129.0/24
asiasoutheast,52.239.197.0/24
asiasoutheast,52.239.227.0/24
asiasoutheast,52.239.249.0/24
asiasoutheast,52.245.80.0/22
asiasoutheast,52.253.80.0/20
asiasoutheast,65.55.106.96/27
asiasoutheast,65.55.214.0/24
asiasoutheast,104.43.0.0/17
asiasoutheast,104.44.89.32/27
asiasoutheast,104.44.90.128/27
asiasoutheast,104.44.92.32/27
asiasoutheast,104.44.94.144/28
asiasoutheast,104.44.95.192/28
asiasoutheast,104.44.95.224/28
asiasoutheast,104.215.128.0/17
asiasoutheast,111.221.80.0/20
asiasoutheast,111.221.96.0/20
asiasoutheast,131.253.12.96/27
asiasoutheast,131.253.12.128/27
asiasoutheast,131.253.13.64/29
asiasoutheast,131.253.34.0/25
asiasoutheast,131.253.38.112/29
asiasoutheast,137.116.128.0/19
asiasoutheast,138.91.32.0/20
asiasoutheast,168.63.90.0/24
asiasoutheast,168.63.91.0/26
asiasoutheast,168.63.160.0/19
asiasoutheast,168.63.224.0/19
asiasoutheast,191.238.64.0/23
asiasoutheast,207.46.50.128/28
asiasoutheast,207.46.59.64/27
asiasoutheast,207.46.63.64/27
asiasoutheast,207.46.63.128/25
asiasoutheast,207.46.224.0/20
asiasoutheast,207.68.174.128/29
asiasoutheast,207.68.174.144/29
asiasoutheast,207.68.174.160/29
uknorth,13.87.64.0/18
uknorth,20.39.144.0/20
uknorth,20.190.143.128/25
uknorth,40.79.202.0/24
uknorth,40.80.16.0/22
uknorth,40.81.96.0/20
uknorth,40.90.130.112/28
uknorth,40.90.143.32/27
uknorth,40.90.150.64/27
uknorth,40.126.15.128/25
uknorth,51.141.129.32/27
uknorth,51.141.133.0/24
uknorth,51.141.152.0/22
uknorth,51.142.128.0/17
uknorth,52.109.36.0/22
uknorth,52.136.19.0/24
uksouth2,13.87.0.0/18
uksouth2,40.79.201.0/24
uksouth2,40.80.12.0/22
uksouth2,40.81.160.0/20
uksouth2,40.90.130.128/28
uksouth2,40.90.143.64/27
uksouth2,40.90.150.96/27
uksouth2,51.141.129.0/27
uksouth2,51.141.129.192/26
uksouth2,51.141.132.0/24
uksouth2,51.141.156.0/22
uksouth2,51.142.0.0/17
uksouth2,51.143.192.0/18
uksouth2,52.109.40.0/22
uksouth2,52.136.18.0/24
uksouth,20.38.106.0/23
uksouth,20.39.208.0/20
uksouth,20.39.224.0/21
uksouth,20.190.143.0/25
uksouth,40.79.215.0/24
uksouth,40.80.0.0/22
uksouth,40.81.128.0/19
uksouth,40.82.88.0/22
uksouth,40.90.17.32/27
uksouth,40.90.17.160/27
uksouth,40.90.128.112/28
uksouth,40.90.128.160/28
uksouth,40.90.131.64/27
uksouth,40.90.139.64/27
uksouth,40.90.153.64/27
uksouth,40.90.154.32/27
uksouth,40.126.15.0/25
uksouth,51.104.0.0/19
uksouth,51.104.192.0/18
uksouth,51.105.0.0/18
uksouth,51.105.64.0/20
uksouth,51.140.0.0/17
uksouth,51.140.128.0/18
uksouth,51.141.128.32/27
uksouth,51.141.129.64/26
uksouth,51.141.130.0/25
uksouth,51.141.135.0/24
uksouth,51.141.144.0/22
uksouth,51.141.192.0/18
uksouth,51.143.128.0/18
uksouth,51.145.0.0/17
uksouth,52.108.50.0/23
uksouth,52.109.28.0/22
uksouth,52.114.80.0/22
uksouth,52.114.88.0/22
uksouth,52.136.21.0/24
uksouth,52.151.64.0/18
uksouth,52.239.187.0/25
uksouth,52.239.231.0/24
uksouth,52.245.64.0/22
uksouth,104.44.89.224/27
ukwest,20.39.160.0/21
ukwest,20.40.104.0/21
ukwest,20.190.144.0/25
ukwest,40.79.218.0/24
ukwest,40.81.112.0/20
ukwest,40.87.228.0/22
ukwest,40.90.131.96/27
ukwest,40.90.139.96/27
ukwest,40.126.16.0/25
ukwest,51.104.32.0/19
ukwest,51.137.128.0/18
ukwest,51.140.192.0/18
ukwest,51.141.0.0/17
ukwest,51.141.128.0/27
ukwest,51.141.128.64/26
ukwest,51.141.128.128/25
ukwest,51.141.129.128/26
ukwest,51.141.134.0/24
ukwest,51.141.136.0/23
ukwest,51.141.148.0/22
ukwest,52.108.224.0/23
ukwest,52.109.32.0/22
ukwest,52.114.84.0/22
ukwest,52.114.92.0/22
ukwest,52.136.20.0/24
ukwest,52.142.128.0/18
ukwest,52.239.240.0/24
ukwest,104.44.90.0/27
uswestcentral,13.71.192.0/18
uswestcentral,13.77.192.0/19
uswestcentral,13.78.128.0/17
uswestcentral,20.190.136.0/24
uswestcentral,40.77.128.0/25
uswestcentral,40.77.131.192/27
uswestcentral,40.77.131.240/28
uswestcentral,40.77.135.0/24
uswestcentral,40.77.166.0/25
uswestcentral,40.77.166.128/28
uswestcentral,40.77.173.0/24
uswestcentral,40.77.175.32/27
uswestcentral,40.77.182.160/27
uswestcentral,40.77.185.0/25
uswestcentral,40.77.224.16/28
uswestcentral,40.77.224.64/27
uswestcentral,40.77.227.0/24
uswestcentral,40.77.232.0/25
uswestcentral,40.77.235.0/24
uswestcentral,40.77.236.96/27
uswestcentral,40.77.246.0/24
uswestcentral,40.78.218.0/24
uswestcentral,40.90.131.0/27
uswestcentral,40.90.138.192/28
uswestcentral,40.90.139.0/27
uswestcentral,40.90.143.96/27
uswestcentral,40.90.151.0/26
uswestcentral,40.90.151.128/28
uswestcentral,40.90.152.0/25
uswestcentral,40.126.8.0/24
uswestcentral,52.109.136.0/22
uswestcentral,52.136.4.0/22
uswestcentral,52.143.214.0/24
uswestcentral,52.148.0.0/18
uswestcentral,52.150.128.0/17
uswestcentral,52.153.128.0/18
uswestcentral,52.159.0.0/18
uswestcentral,52.161.0.0/16
uswestcentral,52.239.164.0/25
uswestcentral,52.239.167.0/24
uswestcentral,52.239.244.0/23
uswestcentral,52.245.60.0/22
uswestcentral,52.253.128.0/20
uswestcentral,64.4.8.0/24
uswestcentral,64.4.54.0/24
uswestcentral,65.55.209.192/26
uswestcentral,104.44.89.96/27
uswestcentral,104.47.224.0/20
uswestcentral,131.253.24.160/27
uswestcentral,157.55.12.128/26
uswestcentral,157.55.103.128/25
uswestcentral,207.68.174.48/29
europewest,13.69.0.0/17
europewest,13.73.128.0/18
europewest,13.73.224.0/21
europewest,13.80.0.0/15
europewest,13.88.200.0/21
europewest,13.93.0.0/17
europewest,13.94.128.0/17
europewest,13.95.0.0/16
europewest,20.38.108.0/23
europewest,20.190.137.0/24
europewest,23.97.128.0/17
europewest,23.98.46.0/24
europewest,23.100.0.0/20
europewest,23.101.64.0/20
europewest,40.67.192.0/19
europewest,40.68.0.0/16
europewest,40.74.0.0/18
europewest,40.78.210.0/24
europewest,40.82.92.0/22
europewest,40.87.184.0/22
europewest,40.90.17.64/27
europewest,40.90.130.0/27
europewest,40.90.133.0/27
europewest,40.90.138.0/27
europewest,40.90.141.32/27
europewest,40.90.141.160/27
europewest,40.90.142.224/28
europewest,40.90.144.192/27
europewest,40.90.145.192/27
europewest,40.90.146.16/28
europewest,40.90.146.128/27
europewest,40.90.150.128/25
europewest,40.91.28.0/22
europewest,40.91.192.0/18
europewest,40.112.36.128/25
europewest,40.112.37.0/26
europewest,40.112.38.192/26
europewest,40.112.96.0/19
europewest,40.113.96.0/19
europewest,40.113.128.0/18
europewest,40.114.128.0/17
europewest,40.115.0.0/18
europewest,40.118.0.0/17
europewest,40.119.128.0/19
europewest,40.126.9.0/24
europewest,51.105.128.0/17
europewest,51.136.0.0/16
europewest,51.137.0.0/17
europewest,51.137.192.0/18
europewest,51.144.0.0/16
europewest,51.145.128.0/17
europewest,52.108.24.0/21
europewest,52.108.56.0/21
europewest,52.109.88.0/22
europewest,52.112.233.0/24
europewest,52.114.64.0/21
europewest,52.114.72.0/22
europewest,52.114.116.0/22
europewest,52.115.0.0/21
europewest,52.115.8.0/22
europewest,52.125.140.0/23
europewest,52.136.192.0/18
europewest,52.137.0.0/18
europewest,52.142.192.0/18
europewest,52.143.0.0/18
europewest,52.143.194.0/24
europewest,52.143.208.0/24
europewest,52.148.192.0/18
europewest,52.149.64.0/18
europewest,52.157.64.0/18
europewest,52.157.128.0/17
europewest,52.166.0.0/16
europewest,52.174.0.0/16
europewest,52.178.0.0/17
europewest,52.232.0.0/17
europewest,52.232.147.0/24
europewest,52.233.128.0/17
europewest,52.236.128.0/17
europewest,52.239.140.0/22
europewest,52.239.212.0/23
europewest,52.239.242.0/23
europewest,52.245.48.0/22
europewest,52.245.124.0/22
europewest,65.52.128.0/19
europewest,104.40.128.0/17
europewest,104.44.89.160/27
europewest,104.44.90.192/27
europewest,104.44.93.0/27
europewest,104.44.93.192/27
europewest,104.44.95.80/28
europewest,104.44.95.96/28
europewest,104.45.0.0/18
europewest,104.45.64.0/20
europewest,104.46.16.0/21
europewest,104.46.32.0/19
europewest,104.47.128.0/18
europewest,104.47.216.64/26
europewest,104.214.192.0/18
europewest,137.116.192.0/19
europewest,137.117.128.0/17
europewest,157.55.8.64/26
europewest,157.55.8.144/28
europewest,157.56.117.64/27
europewest,168.61.56.0/21
europewest,168.63.0.0/19
europewest,168.63.96.0/19
europewest,191.233.64.0/18
europewest,191.237.232.0/22
europewest,191.239.200.0/22
europewest,193.149.80.0/21
europewest,213.199.128.0/20
europewest,213.199.180.32/28
europewest,213.199.180.96/27
europewest,213.199.180.192/27
europewest,213.199.183.0/24
indiawest,20.40.8.0/21
indiawest,20.190.146.128/25
indiawest,40.79.219.0/24
indiawest,40.81.80.0/20
indiawest,40.87.220.0/22
indiawest,40.90.138.224/27
indiawest,40.126.18.128/25
indiawest,52.109.64.0/22
indiawest,52.114.28.0/22
indiawest,52.136.16.0/24
indiawest,52.136.32.0/19
indiawest,52.140.128.0/18
indiawest,52.183.128.0/18
indiawest,52.239.135.192/26
indiawest,52.239.187.128/25
indiawest,52.245.76.0/22
indiawest,52.249.64.0/19
indiawest,104.44.93.224/27
indiawest,104.44.95.112/28
indiawest,104.47.212.0/23
indiawest,104.211.128.0/18
uswest2,13.66.128.0/17
uswest2,13.77.128.0/18
uswest2,20.36.0.0/19
uswest2,20.38.99.0/24
uswest2,20.42.128.0/18
uswest2,20.187.0.0/18
uswest2,20.190.0.0/18
uswest2,20.190.133.0/24
uswest2,20.191.64.0/18
uswest2,20.191.160.0/19
uswest2,23.98.47.0/24
uswest2,23.102.192.0/21
uswest2,23.102.203.0/24
uswest2,23.103.64.32/27
uswest2,23.103.64.64/27
uswest2,23.103.66.0/23
uswest2,40.65.64.0/18
uswest2,40.77.136.0/28
uswest2,40.77.136.64/28
uswest2,40.77.160.0/27
uswest2,40.77.164.0/24
uswest2,40.77.166.144/32
uswest2,40.77.169.0/24
uswest2,40.77.171.0/24
uswest2,40.77.175.64/27
uswest2,40.77.180.0/23
uswest2,40.77.182.64/27
uswest2,40.77.185.128/25
uswest2,40.77.186.0/26
uswest2,40.77.186.128/25
uswest2,40.77.187.0/24
uswest2,40.77.224.96/27
uswest2,40.77.230.0/24
uswest2,40.77.232.128/25
uswest2,40.77.234.224/27
uswest2,40.77.236.64/29
uswest2,40.77.236.128/27
uswest2,40.77.240.128/25
uswest2,40.77.241.0/24
uswest2,40.77.242.0/23
uswest2,40.77.244.0/24
uswest2,40.77.247.0/24
uswest2,40.77.249.0/24
uswest2,40.77.250.0/24
uswest2,40.77.254.128/25
uswest2,40.78.208.32/30
uswest2,40.78.217.0/24
uswest2,40.78.240.0/20
uswest2,40.80.160.0/24
uswest2,40.82.36.0/22
uswest2,40.87.232.0/21
uswest2,40.90.16.192/26
uswest2,40.90.131.32/27
uswest2,40.90.132.48/28
uswest2,40.90.136.224/27
uswest2,40.90.138.208/28
uswest2,40.90.139.32/27
uswest2,40.90.146.32/27
uswest2,40.90.148.192/27
uswest2,40.90.153.0/26
uswest2,40.90.192.0/19
uswest2,40.91.0.0/22
uswest2,40.91.64.0/18
uswest2,40.91.128.0/18
uswest2,40.125.64.0/18
uswest2,40.126.5.0/24
uswest2,51.141.160.0/19
uswest2,51.143.0.0/17
uswest2,52.96.11.0/24
uswest2,52.109.24.0/22
uswest2,52.112.105.0/24
uswest2,52.114.148.0/22
uswest2,52.136.0.0/22
uswest2,52.137.64.0/18
uswest2,52.143.64.0/18
uswest2,52.143.197.0/24
uswest2,52.143.211.0/24
uswest2,52.148.128.0/18
uswest2,52.149.0.0/18
uswest2,52.151.0.0/18
uswest2,52.156.64.0/18
uswest2,52.156.128.0/19
uswest2,52.158.224.0/19
uswest2,52.175.192.0/18
uswest2,52.183.0.0/17
uswest2,52.191.128.0/18
uswest2,52.229.0.0/18
uswest2,52.232.152.0/24
uswest2,52.233.64.0/18
uswest2,52.235.64.0/18
uswest2,52.239.148.128/25
uswest2,52.239.176.128/25
uswest2,52.239.193.0/24
uswest2,52.239.210.0/23
uswest2,52.239.236.0/23
uswest2,52.245.52.0/22
uswest2,52.246.192.0/18
uswest2,52.247.192.0/18
uswest2,52.250.0.0/17
uswest2,65.52.104.0/24
uswest2,65.52.111.0/24
uswest2,65.54.247.128/25
uswest2,65.55.2.0/24
uswest2,65.55.32.128/28
uswest2,65.55.32.192/27
uswest2,65.55.32.224/28
uswest2,65.55.33.176/28
uswest2,65.55.33.192/28
uswest2,65.55.35.192/27
uswest2,65.55.44.8/29
uswest2,65.55.44.112/28
uswest2,65.55.51.0/24
uswest2,65.55.60.128/27
uswest2,65.55.105.128/26
uswest2,65.55.106.192/28
uswest2,65.55.106.240/28
uswest2,65.55.107.0/27
uswest2,65.55.107.32/28
uswest2,65.55.107.96/27
uswest2,65.55.107.128/25
uswest2,65.55.110.0/24
uswest2,65.55.120.0/24
uswest2,65.55.189.128/25
uswest2,65.55.207.0/24
uswest2,65.55.209.0/25
uswest2,65.55.210.0/24
uswest2,65.55.211.64/26
uswest2,65.55.212.32/27
uswest2,65.55.213.32/27
uswest2,65.55.213.192/26
uswest2,65.55.215.0/24
uswest2,65.55.219.64/26
uswest2,65.55.250.0/24
uswest2,65.55.252.0/24
uswest2,70.37.0.0/21
uswest2,70.37.8.0/22
uswest2,70.37.16.0/20
uswest2,70.37.32.0/20
uswest2,104.44.89.128/27
uswest2,104.44.89.192/27
uswest2,104.44.95.0/28
uswest2,131.253.12.8/29
uswest2,131.253.12.36/30
uswest2,131.253.12.56/29
uswest2,131.253.12.64/29
uswest2,131.253.12.160/28
uswest2,131.253.12.228/30
uswest2,131.253.13.24/29
uswest2,131.253.13.88/30
uswest2,131.253.13.112/28
uswest2,131.253.13.128/25
uswest2,131.253.14.4/30
uswest2,131.253.14.8/31
uswest2,131.253.14.72/29
uswest2,131.253.14.80/28
uswest2,131.253.14.96/27
uswest2,131.253.14.128/27
uswest2,131.253.14.192/29
uswest2,131.253.15.128/28
uswest2,131.253.15.192/28
uswest2,131.253.24.16/28
uswest2,131.253.24.32/27
uswest2,131.253.24.64/26
uswest2,131.253.26.0/25
uswest2,131.253.34.128/26
uswest2,131.253.35.0/25
uswest2,131.253.35.128/26
uswest2,131.253.38.64/27
uswest2,131.253.38.96/29
uswest2,131.253.40.48/29
uswest2,131.253.41.0/24
uswest2,134.170.222.0/23
uswest2,137.116.176.0/21
uswest2,157.55.2.128/26
uswest2,157.55.12.64/26
uswest2,157.55.13.64/26
uswest2,157.55.39.0/24
uswest2,157.55.55.128/29
uswest2,157.55.55.184/29
uswest2,157.55.55.228/30
uswest2,157.55.55.232/29
uswest2,157.55.55.240/28
uswest2,157.55.106.0/26
uswest2,157.55.154.128/25
uswest2,157.56.1.0/24
uswest2,157.56.2.0/25
uswest2,157.56.3.128/25
uswest2,157.56.19.224/27
uswest2,157.56.21.32/27
uswest2,157.56.21.64/26
uswest2,157.56.21.128/26
uswest2,157.56.21.192/27
uswest2,157.56.80.0/25
uswest2,168.62.64.0/19
uswest2,191.232.137.0/24
uswest2,191.237.224.0/21
uswest2,191.237.244.0/22
uswest2,191.239.196.0/24
uswest2,191.239.197.0/28
uswest2,199.30.16.0/24
uswest2,199.30.24.0/23
uswest2,199.30.26.0/24
uswest2,199.30.27.0/25
uswest2,199.30.27.144/28
uswest2,199.30.27.160/27
uswest2,199.30.27.192/26
uswest2,199.30.30.0/23
uswest2,207.46.13.0/24
uswest2,207.68.174.0/29
uswest2,207.68.174.56/29
uswest2,207.68.174.64/29
uswest2,207.68.174.96/28
uswest2,207.68.174.168/29
uswest2,207.68.174.176/29
uswest2,207.68.174.192/28
uswest2,209.240.212.0/23
uswest,13.64.0.0/16
uswest,13.73.32.0/19
uswest,13.83.0.0/16
uswest,13.86.128.0/17
uswest,13.87.128.0/17
uswest,13.88.0.0/17
uswest,13.88.128.0/18
uswest,13.88.192.0/23
uswest,13.91.0.0/16
uswest,13.93.128.0/17
uswest,20.43.192.0/18
uswest,20.184.128.0/17
uswest,20.187.128.0/17
uswest,20.189.128.0/18
uswest,20.190.132.0/24
uswest,23.99.0.0/18
uswest,23.99.64.0/19
uswest,23.100.32.0/20
uswest,23.101.192.0/20
uswest,40.65.0.0/18
uswest,40.75.128.0/17
uswest,40.78.0.0/17
uswest,40.78.216.0/24
uswest,40.80.152.0/21
uswest,40.81.0.0/20
uswest,40.82.248.0/21
uswest,40.83.128.0/17
uswest,40.85.144.0/20
uswest,40.86.160.0/19
uswest,40.87.160.0/22
uswest,40.90.17.96/27
uswest,40.90.128.128/28
uswest,40.90.131.192/27
uswest,40.90.139.192/27
uswest,40.90.146.0/28
uswest,40.90.148.128/27
uswest,40.90.153.96/27
uswest,40.90.156.128/26
uswest,40.112.128.0/17
uswest,40.118.128.0/17
uswest,40.126.4.0/24
uswest,52.108.0.0/21
uswest,52.109.0.0/22
uswest,52.114.152.0/21
uswest,52.114.184.0/23
uswest,52.115.56.0/22
uswest,52.115.60.0/23
uswest,52.137.128.0/17
uswest,52.153.0.0/18
uswest,52.155.32.0/19
uswest,52.157.0.0/18
uswest,52.159.128.0/17
uswest,52.160.0.0/16
uswest,52.180.0.0/17
uswest,52.190.128.0/17
uswest,52.225.0.0/17
uswest,52.232.149.0/24
uswest,52.234.0.0/17
uswest,52.238.0.0/18
uswest,52.239.0.0/17
uswest,52.239.160.0/22
uswest,52.239.228.0/23
uswest,52.239.254.0/23
uswest,52.241.0.0/16
uswest,52.245.12.0/22
uswest,52.245.108.0/22
uswest,52.246.0.0/17
uswest,52.248.128.0/17
uswest,52.250.192.0/18
uswest,52.254.128.0/17
uswest,65.52.112.0/20
uswest,104.40.0.0/17
uswest,104.42.0.0/16
uswest,104.44.88.0/27
uswest,104.44.91.0/27
uswest,104.44.92.96/27
uswest,104.44.94.0/28
uswest,104.44.95.128/27
uswest,104.45.208.0/20
uswest,104.45.224.0/19
uswest,104.209.0.0/18
uswest,104.210.32.0/19
uswest,137.116.184.0/21
uswest,137.117.0.0/19
uswest,137.135.0.0/18
uswest,138.91.64.0/19
uswest,138.91.128.0/17
uswest,157.56.160.0/21
uswest,168.61.0.0/19
uswest,168.61.64.0/20
uswest,168.62.0.0/19
uswest,168.62.192.0/19
uswest,168.63.88.0/23
uswest,191.233.8.0/21
uswest,191.236.64.0/18
uswest,191.238.70.0/23
uswest,191.239.0.0/18
